Closed,StockExchange,Ticker,Time
27.3,upcom,AAS,2021-12-19T00:00:00.000Z
24.5,hnx,AAV,2021-12-19T00:00:00.000Z
20.7,upcom,ABB,2021-12-19T00:00:00.000Z
33.2,hose,ACB,2021-12-19T00:00:00.000Z
15.1,upcom,AFX,2021-12-19T00:00:00.000Z
16.5,upcom,AMS,2021-12-19T00:00:00.000Z
14.6,hnx,AMV,2021-12-19T00:00:00.000Z
19.8,upcom,ANT,2021-12-19T00:00:00.000Z
61.3,upcom,APF,2021-12-19T00:00:00.000Z
34.65,hose,APH,2021-12-19T00:00:00.000Z
78.9,hnx,API,2021-12-19T00:00:00.000Z
39,hnx,APS,2021-12-19T00:00:00.000Z
15.1,hnx,ART,2021-12-19T00:00:00.000Z
21.3,hose,ASM,2021-12-19T00:00:00.000Z
22.4,hnx,BAB,2021-12-19T00:00:00.000Z
11.7,upcom,BCA,2021-12-19T00:00:00.000Z
25.8,hnx,BCC,2021-12-19T00:00:00.000Z
67.9,hose,BCM,2021-12-19T00:00:00.000Z
60.5,hose,BHN,2021-12-19T00:00:00.000Z
44.9,hose,BID,2021-12-19T00:00:00.000Z
13.8,hnx,BII,2021-12-19T00:00:00.000Z
60.5,hose,BMP,2021-12-19T00:00:00.000Z
23.3,upcom,BMS,2021-12-19T00:00:00.000Z
43.6,hnx,BNA,2021-12-19T00:00:00.000Z
14.6,upcom,BOT,2021-12-19T00:00:00.000Z
22.5,upcom,BSR,2021-12-19T00:00:00.000Z
6.7,upcom,BTN,2021-12-19T00:00:00.000Z
12,hnx,BTS,2021-12-19T00:00:00.000Z
22.7,upcom,BVB,2021-12-19T00:00:00.000Z
7,upcom,BVG,2021-12-19T00:00:00.000Z
57.6,hose,BVH,2021-12-19T00:00:00.000Z
38.8,hnx,BVS,2021-12-19T00:00:00.000Z
45.5,hose,BWE,2021-12-19T00:00:00.000Z
23.9,upcom,C4G,2021-12-19T00:00:00.000Z
19,hnx,C69,2021-12-19T00:00:00.000Z
28,upcom,CBI,2021-12-19T00:00:00.000Z
7.8,upcom,CDO,2021-12-19T00:00:00.000Z
19.1,upcom,CEN,2021-12-19T00:00:00.000Z
53,hnx,CEO,2021-12-19T00:00:00.000Z
36,hose,CII,2021-12-19T00:00:00.000Z
27.6,upcom,CLX,2021-12-19T00:00:00.000Z
34.8,hnx,CMS,2021-12-19T00:00:00.000Z
130,hnx,CSC,2021-12-19T00:00:00.000Z
16.7,upcom,CST,2021-12-19T00:00:00.000Z
8.2,hnx,CTC,2021-12-19T00:00:00.000Z
91.3,hose,CTD,2021-12-19T00:00:00.000Z
32.95,hose,CTG,2021-12-19T00:00:00.000Z
82.4,upcom,CTR,2021-12-19T00:00:00.000Z
11.9,hnx,CVN,2021-12-19T00:00:00.000Z
75.5,hose,DBC,2021-12-19T00:00:00.000Z
37.9,hose,DCM,2021-12-19T00:00:00.000Z
30.7,hnx,DDG,2021-12-19T00:00:00.000Z
27.8,upcom,DDV,2021-12-19T00:00:00.000Z
25.1,upcom,DFF,2021-12-19T00:00:00.000Z
172.5,hose,DGC,2021-12-19T00:00:00.000Z
36.9,upcom,DGT,2021-12-19T00:00:00.000Z
124.9,hose,DGW,2021-12-19T00:00:00.000Z
85.3,hose,DHC,2021-12-19T00:00:00.000Z
123.6,hose,DHG,2021-12-19T00:00:00.000Z
91,hose,DIG,2021-12-19T00:00:00.000Z
15,hnx,DL1,2021-12-19T00:00:00.000Z
49.9,hose,DPM,2021-12-19T00:00:00.000Z
16.7,upcom,DRI,2021-12-19T00:00:00.000Z
10,hnx,DST,2021-12-19T00:00:00.000Z
11.9,hnx,DTC,2021-12-19T00:00:00.000Z
51.5,hnx,DTD,2021-12-19T00:00:00.000Z
23.1,hnx,DVG,2021-12-19T00:00:00.000Z
26,upcom,DVN,2021-12-19T00:00:00.000Z
36.2,hose,DXG,2021-12-19T00:00:00.000Z
22.2,hnx,DXP,2021-12-19T00:00:00.000Z
26,hose,EIB,2021-12-19T00:00:00.000Z
16.7,upcom,EIN,2021-12-19T00:00:00.000Z
19.5,upcom,EVF,2021-12-19T00:00:00.000Z
41.2,hnx,EVS,2021-12-19T00:00:00.000Z
8.7,hnx,FID,2021-12-19T00:00:00.000Z
17,hose,FLC,2021-12-19T00:00:00.000Z
96.4,hose,FPT,2021-12-19T00:00:00.000Z
23.1,upcom,G36,2021-12-19T00:00:00.000Z
99,hose,GAS,2021-12-19T00:00:00.000Z
19.55,hose,GEG,2021-12-19T00:00:00.000Z
40.95,hose,GEX,2021-12-19T00:00:00.000Z
35.7,hnx,GKM,2021-12-19T00:00:00.000Z
49.3,hose,GMD,2021-12-19T00:00:00.000Z
20.75,hose,GTN,2021-12-19T00:00:00.000Z
38.25,hose,GVR,2021-12-19T00:00:00.000Z
17,upcom,HAC,2021-12-19T00:00:00.000Z
12.15,hose,HAG,2021-12-19T00:00:00.000Z
26.5,hose,HBC,2021-12-19T00:00:00.000Z
16.3,hnx,HBS,2021-12-19T00:00:00.000Z
46.15,hose,HCM,2021-12-19T00:00:00.000Z
39.7,upcom,HD6,2021-12-19T00:00:00.000Z
29.5,hose,HDB,2021-12-19T00:00:00.000Z
76,hose,HDG,2021-12-19T00:00:00.000Z
8.4,hnx,HHG,2021-12-19T00:00:00.000Z
12.65,hose,HHS,2021-12-19T00:00:00.000Z
26.1,upcom,HHV,2021-12-19T00:00:00.000Z
41,upcom,HMS,2021-12-19T00:00:00.000Z
10.4,hose,HNG,2021-12-19T00:00:00.000Z
9.6,hnx,HOM,2021-12-19T00:00:00.000Z
46.7,hose,HPG,2021-12-19T00:00:00.000Z
35.8,hose,HPX,2021-12-19T00:00:00.000Z
8,hose,HQC,2021-12-19T00:00:00.000Z
36.1,hose,HSG,2021-12-19T00:00:00.000Z
15.5,upcom,HSV,2021-12-19T00:00:00.000Z
23.7,hose,HT1,2021-12-19T00:00:00.000Z
8.2,upcom,HTE,2021-12-19T00:00:00.000Z
27.9,upcom,HU4,2021-12-19T00:00:00.000Z
19.1,hnx,HUT,2021-12-19T00:00:00.000Z
23.45,hose,HVN,2021-12-19T00:00:00.000Z
86.8,hnx,IDC,2021-12-19T00:00:00.000Z
51,hnx,IDJ,2021-12-19T00:00:00.000Z
32.65,hose,IJC,2021-12-19T00:00:00.000Z
12.9,upcom,ILA,2021-12-19T00:00:00.000Z
77.7,hose,IMP,2021-12-19T00:00:00.000Z
66.9,hnx,IPA,2021-12-19T00:00:00.000Z
16.55,hose,ITA,2021-12-19T00:00:00.000Z
10.3,hnx,ITQ,2021-12-19T00:00:00.000Z
18.9,hnx,IVS,2021-12-19T00:00:00.000Z
57,hose,KBC,2021-12-19T00:00:00.000Z
55.5,hose,KDC,2021-12-19T00:00:00.000Z
50.4,hose,KDH,2021-12-19T00:00:00.000Z
8,upcom,KHB,2021-12-19T00:00:00.000Z
23.6,upcom,KLB,2021-12-19T00:00:00.000Z
8.3,hnx,KLF,2021-12-19T00:00:00.000Z
31.75,hose,KOS,2021-12-19T00:00:00.000Z
72.8,hnx,KSF,2021-12-19T00:00:00.000Z
5.1,upcom,KSH,2021-12-19T00:00:00.000Z
9.1,hnx,KSQ,2021-12-19T00:00:00.000Z
7.8,hnx,KVC,2021-12-19T00:00:00.000Z
26.3,hnx,LAS,2021-12-19T00:00:00.000Z
17,hnx,LIG,2021-12-19T00:00:00.000Z
9.3,upcom,LMH,2021-12-19T00:00:00.000Z
21.8,hose,LPB,2021-12-19T00:00:00.000Z
14.6,upcom,LPT,2021-12-19T00:00:00.000Z
37.4,upcom,LTG,2021-12-19T00:00:00.000Z
9.5,hnx,MAC,2021-12-19T00:00:00.000Z
28.2,hose,MBB,2021-12-19T00:00:00.000Z
16.3,hnx,MBG,2021-12-19T00:00:00.000Z
40,hnx,MBS,2021-12-19T00:00:00.000Z
8.7,hnx,MCO,2021-12-19T00:00:00.000Z
36.7,upcom,MLS,2021-12-19T00:00:00.000Z
42.8,upcom,MPC,2021-12-19T00:00:00.000Z
26.15,hose,MSB,2021-12-19T00:00:00.000Z
157.5,hose,MSN,2021-12-19T00:00:00.000Z
27.7,upcom,MSR,2021-12-19T00:00:00.000Z
19,hnx,MST,2021-12-19T00:00:00.000Z
13.2,upcom,MVC,2021-12-19T00:00:00.000Z
134.5,hose,MWG,2021-12-19T00:00:00.000Z
19.6,upcom,NAB,2021-12-19T00:00:00.000Z
13.6,hnx,NAG,2021-12-19T00:00:00.000Z
17,hnx,NBC,2021-12-19T00:00:00.000Z
19.6,hnx,NDN,2021-12-19T00:00:00.000Z
31,upcom,NDT,2021-12-19T00:00:00.000Z
11.3,hnx,NDX,2021-12-19T00:00:00.000Z
12.6,upcom,NED,2021-12-19T00:00:00.000Z
64.8,hose,NLG,2021-12-19T00:00:00.000Z
30.2,hnx,NRC,2021-12-19T00:00:00.000Z
13.8,hnx,NSH,2021-12-19T00:00:00.000Z
25.9,hose,NT2,2021-12-19T00:00:00.000Z
60,hnx,NTP,2021-12-19T00:00:00.000Z
28.6,hnx,NVB,2021-12-19T00:00:00.000Z
115.2,hose,NVL,2021-12-19T00:00:00.000Z
26.8,hose,OCB,2021-12-19T00:00:00.000Z
10,hnx,OCH,2021-12-19T00:00:00.000Z
17,upcom,OIL,2021-12-19T00:00:00.000Z
37.7,hose,PAN,2021-12-19T00:00:00.000Z
24.4,upcom,PAS,2021-12-19T00:00:00.000Z
40.2,hose,PC1,2021-12-19T00:00:00.000Z
10.2,hnx,PCG,2021-12-19T00:00:00.000Z
95.5,hose,PDR,2021-12-19T00:00:00.000Z
8.1,upcom,PFL,2021-12-19T00:00:00.000Z
32.8,upcom,PGB,2021-12-19T00:00:00.000Z
38,upcom,PGV,2021-12-19T00:00:00.000Z
28.8,hnx,PHP,2021-12-19T00:00:00.000Z
73,hose,PHR,2021-12-19T00:00:00.000Z
41.5,hnx,PLC,2021-12-19T00:00:00.000Z
54.3,hose,PLX,2021-12-19T00:00:00.000Z
95.5,hose,PNJ,2021-12-19T00:00:00.000Z
14.85,hose,POM,2021-12-19T00:00:00.000Z
17.1,hose,POW,2021-12-19T00:00:00.000Z
23.7,hose,PPC,2021-12-19T00:00:00.000Z
31.1,upcom,PRT,2021-12-19T00:00:00.000Z
32,hnx,PSD,2021-12-19T00:00:00.000Z
19,hnx,PSI,2021-12-19T00:00:00.000Z
16.5,hose,PTL,2021-12-19T00:00:00.000Z
9.1,hnx,PV2,2021-12-19T00:00:00.000Z
14.9,hnx,PVC,2021-12-19T00:00:00.000Z
27.8,hose,PVD,2021-12-19T00:00:00.000Z
14.3,hnx,PVG,2021-12-19T00:00:00.000Z
51,hnx,PVI,2021-12-19T00:00:00.000Z
15.2,hnx,PVL,2021-12-19T00:00:00.000Z
24.4,upcom,PVM,2021-12-19T00:00:00.000Z
19.1,upcom,PVP,2021-12-19T00:00:00.000Z
26,hnx,PVS,2021-12-19T00:00:00.000Z
24,hose,PVT,2021-12-19T00:00:00.000Z
6.9,upcom,PXT,2021-12-19T00:00:00.000Z
49,upcom,QNS,2021-12-19T00:00:00.000Z
17.1,upcom,QTP,2021-12-19T00:00:00.000Z
67.6,hose,REE,2021-12-19T00:00:00.000Z
23.9,hnx,S99,2021-12-19T00:00:00.000Z
150,hose,SAB,2021-12-19T00:00:00.000Z
21.6,hose,SAM,2021-12-19T00:00:00.000Z
17.7,upcom,SBS,2021-12-19T00:00:00.000Z
24.1,hose,SBT,2021-12-19T00:00:00.000Z
81.4,hnx,SCG,2021-12-19T00:00:00.000Z
40.3,hnx,SCI,2021-12-19T00:00:00.000Z
156,hose,SCS,2021-12-19T00:00:00.000Z
8.1,upcom,SD3,2021-12-19T00:00:00.000Z
12.5,hnx,SD5,2021-12-19T00:00:00.000Z
8,hnx,SD6,2021-12-19T00:00:00.000Z
8.2,upcom,SD7,2021-12-19T00:00:00.000Z
13.4,hnx,SD9,2021-12-19T00:00:00.000Z
39.1,hnx,SDA,2021-12-19T00:00:00.000Z
7.8,upcom,SDD,2021-12-19T00:00:00.000Z
6.8,upcom,SDP,2021-12-19T00:00:00.000Z
18,upcom,SGB,2021-12-19T00:00:00.000Z
28.6,upcom,SGI,2021-12-19T00:00:00.000Z
36.4,upcom,SGP,2021-12-19T00:00:00.000Z
51,hnx,SHS,2021-12-19T00:00:00.000Z
78.7,hose,SJS,2021-12-19T00:00:00.000Z
25.9,upcom,SKH,2021-12-19T00:00:00.000Z
12.6,hnx,SPI,2021-12-19T00:00:00.000Z
11.9,hnx,SRA,2021-12-19T00:00:00.000Z
8.6,upcom,SRB,2021-12-19T00:00:00.000Z
7.5,upcom,SRT,2021-12-19T00:00:00.000Z
101,upcom,SSH,2021-12-19T00:00:00.000Z
52.5,hose,SSI,2021-12-19T00:00:00.000Z
28.3,hose,STB,2021-12-19T00:00:00.000Z
11,upcom,STH,2021-12-19T00:00:00.000Z
7.5,hnx,SVN,2021-12-19T00:00:00.000Z
66,hose,SZC,2021-12-19T00:00:00.000Z
14.8,hnx,TA9,2021-12-19T00:00:00.000Z
41.5,hnx,TAR,2021-12-19T00:00:00.000Z
78,upcom,TBD,2021-12-19T00:00:00.000Z
12.2,hnx,TC6,2021-12-19T00:00:00.000Z
49.85,hose,TCB,2021-12-19T00:00:00.000Z
25.2,hose,TCH,2021-12-19T00:00:00.000Z
22.4,upcom,TCI,2021-12-19T00:00:00.000Z
73.5,hose,TCM,2021-12-19T00:00:00.000Z
14.1,hnx,TDT,2021-12-19T00:00:00.000Z
244,hnx,THD,2021-12-19T00:00:00.000Z
13.3,hnx,THT,2021-12-19T00:00:00.000Z
63.1,upcom,TID,2021-12-19T00:00:00.000Z
26.5,hnx,TIG,2021-12-19T00:00:00.000Z
13.3,upcom,TIS,2021-12-19T00:00:00.000Z
24.4,upcom,TL4,2021-12-19T00:00:00.000Z
34.5,hnx,TNG,2021-12-19T00:00:00.000Z
10.6,upcom,TNS,2021-12-19T00:00:00.000Z
38,hose,TPB,2021-12-19T00:00:00.000Z
8.1,hnx,TTH,2021-12-19T00:00:00.000Z
27.3,upcom,TTN,2021-12-19T00:00:00.000Z
22.3,hnx,TVC,2021-12-19T00:00:00.000Z
13,hnx,TVD,2021-12-19T00:00:00.000Z
16.5,upcom,TVN,2021-12-19T00:00:00.000Z
17.5,upcom,VAB,2021-12-19T00:00:00.000Z
17.9,upcom,VBB,2021-12-19T00:00:00.000Z
63.9,hnx,VC2,2021-12-19T00:00:00.000Z
56.9,hnx,VC3,2021-12-19T00:00:00.000Z
25.1,hnx,VC7,2021-12-19T00:00:00.000Z
14.6,hnx,VC9,2021-12-19T00:00:00.000Z
96.5,hose,VCB,2021-12-19T00:00:00.000Z
244,hose,VCF,2021-12-19T00:00:00.000Z
48.8,hose,VCG,2021-12-19T00:00:00.000Z
75,hose,VCI,2021-12-19T00:00:00.000Z
45,upcom,VCR,2021-12-19T00:00:00.000Z
116,hnx,VCS,2021-12-19T00:00:00.000Z
7.2,upcom,VE9,2021-12-19T00:00:00.000Z
44.2,upcom,VEA,2021-12-19T00:00:00.000Z
16.8,upcom,VFS,2021-12-19T00:00:00.000Z
61.5,hose,VGC,2021-12-19T00:00:00.000Z
32.4,upcom,VGI,2021-12-19T00:00:00.000Z
47,hnx,VGS,2021-12-19T00:00:00.000Z
28.4,upcom,VGT,2021-12-19T00:00:00.000Z
15.6,upcom,VGV,2021-12-19T00:00:00.000Z
65.9,hose,VHC,2021-12-19T00:00:00.000Z
11.7,hnx,VHE,2021-12-19T00:00:00.000Z
8,upcom,VHG,2021-12-19T00:00:00.000Z
84.5,hose,VHM,2021-12-19T00:00:00.000Z
43.85,hose,VIB,2021-12-19T00:00:00.000Z
102,hose,VIC,2021-12-19T00:00:00.000Z
17.7,hnx,VIG,2021-12-19T00:00:00.000Z
32.4,hose,VIX,2021-12-19T00:00:00.000Z
122.5,hose,VJC,2021-12-19T00:00:00.000Z
13,hnx,VKC,2021-12-19T00:00:00.000Z
10.8,upcom,VLG,2021-12-19T00:00:00.000Z
35.1,upcom,VNA,2021-12-19T00:00:00.000Z
23.4,upcom,VNB,2021-12-19T00:00:00.000Z
80,hose,VND,2021-12-19T00:00:00.000Z
7.2,upcom,VNH,2021-12-19T00:00:00.000Z
85.7,hose,VNM,2021-12-19T00:00:00.000Z
27,upcom,VNP,2021-12-19T00:00:00.000Z
35.9,upcom,VOC,2021-12-19T00:00:00.000Z
33.8,hose,VPB,2021-12-19T00:00:00.000Z
53.3,hose,VPI,2021-12-19T00:00:00.000Z
30.8,hose,VRE,2021-12-19T00:00:00.000Z
16.2,upcom,VTD,2021-12-19T00:00:00.000Z
74.5,upcom,VTP,2021-12-19T00:00:00.000Z
9.4,hnx,VTV,2021-12-19T00:00:00.000Z
16.4,hnx,WSS,2021-12-19T00:00:00.000Z
17.9,upcom,XMC,2021-12-19T00:00:00.000Z
28.1,upcom,AAS,2021-12-20T00:00:00.000Z
24,hnx,AAV,2021-12-20T00:00:00.000Z
21,upcom,ABB,2021-12-20T00:00:00.000Z
33.1,hose,ACB,2021-12-20T00:00:00.000Z
15.1,upcom,AFX,2021-12-20T00:00:00.000Z
16.2,upcom,AMS,2021-12-20T00:00:00.000Z
14.8,hnx,AMV,2021-12-20T00:00:00.000Z
18,upcom,ANT,2021-12-20T00:00:00.000Z
58.7,upcom,APF,2021-12-20T00:00:00.000Z
33.8,hose,APH,2021-12-20T00:00:00.000Z
78,hnx,API,2021-12-20T00:00:00.000Z
38.3,hnx,APS,2021-12-20T00:00:00.000Z
15.3,hnx,ART,2021-12-20T00:00:00.000Z
21.1,hose,ASM,2021-12-20T00:00:00.000Z
22,hnx,BAB,2021-12-20T00:00:00.000Z
11.3,upcom,BCA,2021-12-20T00:00:00.000Z
25.5,hnx,BCC,2021-12-20T00:00:00.000Z
68,hose,BCM,2021-12-20T00:00:00.000Z
61.1,hose,BHN,2021-12-20T00:00:00.000Z
44.6,hose,BID,2021-12-20T00:00:00.000Z
13.3,hnx,BII,2021-12-20T00:00:00.000Z
62.2,hose,BMP,2021-12-20T00:00:00.000Z
24.1,upcom,BMS,2021-12-20T00:00:00.000Z
43.4,hnx,BNA,2021-12-20T00:00:00.000Z
14.3,upcom,BOT,2021-12-20T00:00:00.000Z
21.8,upcom,BSR,2021-12-20T00:00:00.000Z
6.8,upcom,BTN,2021-12-20T00:00:00.000Z
11.5,hnx,BTS,2021-12-20T00:00:00.000Z
23,upcom,BVB,2021-12-20T00:00:00.000Z
7.3,upcom,BVG,2021-12-20T00:00:00.000Z
56.6,hose,BVH,2021-12-20T00:00:00.000Z
38.8,hnx,BVS,2021-12-20T00:00:00.000Z
44.6,hose,BWE,2021-12-20T00:00:00.000Z
24.4,upcom,C4G,2021-12-20T00:00:00.000Z
18.6,hnx,C69,2021-12-20T00:00:00.000Z
27,upcom,CBI,2021-12-20T00:00:00.000Z
7.8,upcom,CDO,2021-12-20T00:00:00.000Z
18.2,upcom,CEN,2021-12-20T00:00:00.000Z
56,hnx,CEO,2021-12-20T00:00:00.000Z
38.5,hose,CII,2021-12-20T00:00:00.000Z
26.5,upcom,CLX,2021-12-20T00:00:00.000Z
34.9,hnx,CMS,2021-12-20T00:00:00.000Z
129.9,hnx,CSC,2021-12-20T00:00:00.000Z
16.4,upcom,CST,2021-12-20T00:00:00.000Z
8.1,hnx,CTC,2021-12-20T00:00:00.000Z
88.8,hose,CTD,2021-12-20T00:00:00.000Z
32.45,hose,CTG,2021-12-20T00:00:00.000Z
82.4,upcom,CTR,2021-12-20T00:00:00.000Z
11.8,hnx,CVN,2021-12-20T00:00:00.000Z
72.3,hose,DBC,2021-12-20T00:00:00.000Z
37.8,hose,DCM,2021-12-20T00:00:00.000Z
30.9,hnx,DDG,2021-12-20T00:00:00.000Z
28.3,upcom,DDV,2021-12-20T00:00:00.000Z
25.6,upcom,DFF,2021-12-20T00:00:00.000Z
167.5,hose,DGC,2021-12-20T00:00:00.000Z
35.9,upcom,DGT,2021-12-20T00:00:00.000Z
123.8,hose,DGW,2021-12-20T00:00:00.000Z
84.9,hose,DHC,2021-12-20T00:00:00.000Z
128.5,hose,DHG,2021-12-20T00:00:00.000Z
87,hose,DIG,2021-12-20T00:00:00.000Z
15.3,hnx,DL1,2021-12-20T00:00:00.000Z
50.4,hose,DPM,2021-12-20T00:00:00.000Z
16.5,upcom,DRI,2021-12-20T00:00:00.000Z
10.3,hnx,DST,2021-12-20T00:00:00.000Z
11.8,hnx,DTC,2021-12-20T00:00:00.000Z
52.5,hnx,DTD,2021-12-20T00:00:00.000Z
22.7,hnx,DVG,2021-12-20T00:00:00.000Z
26,upcom,DVN,2021-12-20T00:00:00.000Z
35.5,hose,DXG,2021-12-20T00:00:00.000Z
21.5,hnx,DXP,2021-12-20T00:00:00.000Z
26.45,hose,EIB,2021-12-20T00:00:00.000Z
16.3,upcom,EIN,2021-12-20T00:00:00.000Z
19,upcom,EVF,2021-12-20T00:00:00.000Z
41.5,hnx,EVS,2021-12-20T00:00:00.000Z
8.5,hnx,FID,2021-12-20T00:00:00.000Z
17.95,hose,FLC,2021-12-20T00:00:00.000Z
95.8,hose,FPT,2021-12-20T00:00:00.000Z
23.2,upcom,G36,2021-12-20T00:00:00.000Z
96.7,hose,GAS,2021-12-20T00:00:00.000Z
19.4,hose,GEG,2021-12-20T00:00:00.000Z
39.9,hose,GEX,2021-12-20T00:00:00.000Z
39.2,hnx,GKM,2021-12-20T00:00:00.000Z
48.2,hose,GMD,2021-12-20T00:00:00.000Z
21.35,hose,GTN,2021-12-20T00:00:00.000Z
37.6,hose,GVR,2021-12-20T00:00:00.000Z
17.2,upcom,HAC,2021-12-20T00:00:00.000Z
12.75,hose,HAG,2021-12-20T00:00:00.000Z
25.5,hose,HBC,2021-12-20T00:00:00.000Z
16.5,hnx,HBS,2021-12-20T00:00:00.000Z
47,hose,HCM,2021-12-20T00:00:00.000Z
37.7,upcom,HD6,2021-12-20T00:00:00.000Z
29.6,hose,HDB,2021-12-20T00:00:00.000Z
61.7,hose,HDG,2021-12-20T00:00:00.000Z
8.5,hnx,HHG,2021-12-20T00:00:00.000Z
12.5,hose,HHS,2021-12-20T00:00:00.000Z
25.6,upcom,HHV,2021-12-20T00:00:00.000Z
41,upcom,HMS,2021-12-20T00:00:00.000Z
10.7,hose,HNG,2021-12-20T00:00:00.000Z
9.5,hnx,HOM,2021-12-20T00:00:00.000Z
46.9,hose,HPG,2021-12-20T00:00:00.000Z
34.5,hose,HPX,2021-12-20T00:00:00.000Z
8.26,hose,HQC,2021-12-20T00:00:00.000Z
35.7,hose,HSG,2021-12-20T00:00:00.000Z
15.4,upcom,HSV,2021-12-20T00:00:00.000Z
22.8,hose,HT1,2021-12-20T00:00:00.000Z
8.2,upcom,HTE,2021-12-20T00:00:00.000Z
27.9,upcom,HU4,2021-12-20T00:00:00.000Z
18.8,hnx,HUT,2021-12-20T00:00:00.000Z
23.7,hose,HVN,2021-12-20T00:00:00.000Z
82,hnx,IDC,2021-12-20T00:00:00.000Z
50,hnx,IDJ,2021-12-20T00:00:00.000Z
31.35,hose,IJC,2021-12-20T00:00:00.000Z
12.7,upcom,ILA,2021-12-20T00:00:00.000Z
75.2,hose,IMP,2021-12-20T00:00:00.000Z
68.3,hnx,IPA,2021-12-20T00:00:00.000Z
16.9,hose,ITA,2021-12-20T00:00:00.000Z
10.2,hnx,ITQ,2021-12-20T00:00:00.000Z
19.3,hnx,IVS,2021-12-20T00:00:00.000Z
56,hose,KBC,2021-12-20T00:00:00.000Z
55.5,hose,KDC,2021-12-20T00:00:00.000Z
50,hose,KDH,2021-12-20T00:00:00.000Z
8,upcom,KHB,2021-12-20T00:00:00.000Z
23.7,upcom,KLB,2021-12-20T00:00:00.000Z
8.5,hnx,KLF,2021-12-20T00:00:00.000Z
31.75,hose,KOS,2021-12-20T00:00:00.000Z
70.5,hnx,KSF,2021-12-20T00:00:00.000Z
5.1,upcom,KSH,2021-12-20T00:00:00.000Z
8.8,hnx,KSQ,2021-12-20T00:00:00.000Z
7.9,hnx,KVC,2021-12-20T00:00:00.000Z
26.3,hnx,LAS,2021-12-20T00:00:00.000Z
17.1,hnx,LIG,2021-12-20T00:00:00.000Z
9.1,upcom,LMH,2021-12-20T00:00:00.000Z
21.6,hose,LPB,2021-12-20T00:00:00.000Z
14,upcom,LPT,2021-12-20T00:00:00.000Z
37.2,upcom,LTG,2021-12-20T00:00:00.000Z
9.4,hnx,MAC,2021-12-20T00:00:00.000Z
27.9,hose,MBB,2021-12-20T00:00:00.000Z
16.1,hnx,MBG,2021-12-20T00:00:00.000Z
40.6,hnx,MBS,2021-12-20T00:00:00.000Z
8.6,hnx,MCO,2021-12-20T00:00:00.000Z
36.7,upcom,MLS,2021-12-20T00:00:00.000Z
42.7,upcom,MPC,2021-12-20T00:00:00.000Z
26.2,hose,MSB,2021-12-20T00:00:00.000Z
162,hose,MSN,2021-12-20T00:00:00.000Z
28.6,upcom,MSR,2021-12-20T00:00:00.000Z
19,hnx,MST,2021-12-20T00:00:00.000Z
13,upcom,MVC,2021-12-20T00:00:00.000Z
133,hose,MWG,2021-12-20T00:00:00.000Z
19.5,upcom,NAB,2021-12-20T00:00:00.000Z
13,hnx,NAG,2021-12-20T00:00:00.000Z
16.3,hnx,NBC,2021-12-20T00:00:00.000Z
19,hnx,NDN,2021-12-20T00:00:00.000Z
30.7,upcom,NDT,2021-12-20T00:00:00.000Z
11.2,hnx,NDX,2021-12-20T00:00:00.000Z
12.5,upcom,NED,2021-12-20T00:00:00.000Z
62.5,hose,NLG,2021-12-20T00:00:00.000Z
30.4,hnx,NRC,2021-12-20T00:00:00.000Z
13.6,hnx,NSH,2021-12-20T00:00:00.000Z
27,hose,NT2,2021-12-20T00:00:00.000Z
59.6,hnx,NTP,2021-12-20T00:00:00.000Z
28.6,hnx,NVB,2021-12-20T00:00:00.000Z
115.3,hose,NVL,2021-12-20T00:00:00.000Z
26.6,hose,OCB,2021-12-20T00:00:00.000Z
10.1,hnx,OCH,2021-12-20T00:00:00.000Z
16.6,upcom,OIL,2021-12-20T00:00:00.000Z
38.95,hose,PAN,2021-12-20T00:00:00.000Z
24,upcom,PAS,2021-12-20T00:00:00.000Z
39.05,hose,PC1,2021-12-20T00:00:00.000Z
9.9,hnx,PCG,2021-12-20T00:00:00.000Z
95.5,hose,PDR,2021-12-20T00:00:00.000Z
8.9,upcom,PFL,2021-12-20T00:00:00.000Z
31,upcom,PGB,2021-12-20T00:00:00.000Z
38.2,upcom,PGV,2021-12-20T00:00:00.000Z
28,hnx,PHP,2021-12-20T00:00:00.000Z
71.2,hose,PHR,2021-12-20T00:00:00.000Z
41,hnx,PLC,2021-12-20T00:00:00.000Z
53,hose,PLX,2021-12-20T00:00:00.000Z
94.2,hose,PNJ,2021-12-20T00:00:00.000Z
14.9,hose,POM,2021-12-20T00:00:00.000Z
18.25,hose,POW,2021-12-20T00:00:00.000Z
23.7,hose,PPC,2021-12-20T00:00:00.000Z
31.2,upcom,PRT,2021-12-20T00:00:00.000Z
31.6,hnx,PSD,2021-12-20T00:00:00.000Z
19.3,hnx,PSI,2021-12-20T00:00:00.000Z
17,hose,PTL,2021-12-20T00:00:00.000Z
8.9,hnx,PV2,2021-12-20T00:00:00.000Z
14.5,hnx,PVC,2021-12-20T00:00:00.000Z
26.75,hose,PVD,2021-12-20T00:00:00.000Z
13.8,hnx,PVG,2021-12-20T00:00:00.000Z
51,hnx,PVI,2021-12-20T00:00:00.000Z
14.3,hnx,PVL,2021-12-20T00:00:00.000Z
23.3,upcom,PVM,2021-12-20T00:00:00.000Z
18.5,upcom,PVP,2021-12-20T00:00:00.000Z
25.4,hnx,PVS,2021-12-20T00:00:00.000Z
23.15,hose,PVT,2021-12-20T00:00:00.000Z
7.2,upcom,PXT,2021-12-20T00:00:00.000Z
48.7,upcom,QNS,2021-12-20T00:00:00.000Z
17.9,upcom,QTP,2021-12-20T00:00:00.000Z
67.1,hose,REE,2021-12-20T00:00:00.000Z
23.5,hnx,S99,2021-12-20T00:00:00.000Z
149,hose,SAB,2021-12-20T00:00:00.000Z
23.1,hose,SAM,2021-12-20T00:00:00.000Z
18.3,upcom,SBS,2021-12-20T00:00:00.000Z
23.75,hose,SBT,2021-12-20T00:00:00.000Z
79.1,hnx,SCG,2021-12-20T00:00:00.000Z
39.6,hnx,SCI,2021-12-20T00:00:00.000Z
151.6,hose,SCS,2021-12-20T00:00:00.000Z
7.8,upcom,SD3,2021-12-20T00:00:00.000Z
12.5,hnx,SD5,2021-12-20T00:00:00.000Z
8,hnx,SD6,2021-12-20T00:00:00.000Z
7.9,upcom,SD7,2021-12-20T00:00:00.000Z
12.9,hnx,SD9,2021-12-20T00:00:00.000Z
37.5,hnx,SDA,2021-12-20T00:00:00.000Z
7.9,upcom,SDD,2021-12-20T00:00:00.000Z
6.8,upcom,SDP,2021-12-20T00:00:00.000Z
18.2,upcom,SGB,2021-12-20T00:00:00.000Z
28.3,upcom,SGI,2021-12-20T00:00:00.000Z
35.2,upcom,SGP,2021-12-20T00:00:00.000Z
52,hnx,SHS,2021-12-20T00:00:00.000Z
78,hose,SJS,2021-12-20T00:00:00.000Z
25.8,upcom,SKH,2021-12-20T00:00:00.000Z
12.4,hnx,SPI,2021-12-20T00:00:00.000Z
11.3,hnx,SRA,2021-12-20T00:00:00.000Z
8.5,upcom,SRB,2021-12-20T00:00:00.000Z
7.3,upcom,SRT,2021-12-20T00:00:00.000Z
100.1,upcom,SSH,2021-12-20T00:00:00.000Z
53.5,hose,SSI,2021-12-20T00:00:00.000Z
28.65,hose,STB,2021-12-20T00:00:00.000Z
10.9,upcom,STH,2021-12-20T00:00:00.000Z
7.5,hnx,SVN,2021-12-20T00:00:00.000Z
63.6,hose,SZC,2021-12-20T00:00:00.000Z
14.8,hnx,TA9,2021-12-20T00:00:00.000Z
43,hnx,TAR,2021-12-20T00:00:00.000Z
78,upcom,TBD,2021-12-20T00:00:00.000Z
11.8,hnx,TC6,2021-12-20T00:00:00.000Z
49.5,hose,TCB,2021-12-20T00:00:00.000Z
24.7,hose,TCH,2021-12-20T00:00:00.000Z
23,upcom,TCI,2021-12-20T00:00:00.000Z
72,hose,TCM,2021-12-20T00:00:00.000Z
14.1,hnx,TDT,2021-12-20T00:00:00.000Z
244.8,hnx,THD,2021-12-20T00:00:00.000Z
13.4,hnx,THT,2021-12-20T00:00:00.000Z
62.1,upcom,TID,2021-12-20T00:00:00.000Z
26.9,hnx,TIG,2021-12-20T00:00:00.000Z
13.4,upcom,TIS,2021-12-20T00:00:00.000Z
21.9,upcom,TL4,2021-12-20T00:00:00.000Z
34.5,hnx,TNG,2021-12-20T00:00:00.000Z
10.4,upcom,TNS,2021-12-20T00:00:00.000Z
39.8,hose,TPB,2021-12-20T00:00:00.000Z
7.9,hnx,TTH,2021-12-20T00:00:00.000Z
29,upcom,TTN,2021-12-20T00:00:00.000Z
23.3,hnx,TVC,2021-12-20T00:00:00.000Z
12.8,hnx,TVD,2021-12-20T00:00:00.000Z
16.6,upcom,TVN,2021-12-20T00:00:00.000Z
17.4,upcom,VAB,2021-12-20T00:00:00.000Z
17.9,upcom,VBB,2021-12-20T00:00:00.000Z
70,hnx,VC2,2021-12-20T00:00:00.000Z
56.9,hnx,VC3,2021-12-20T00:00:00.000Z
26.4,hnx,VC7,2021-12-20T00:00:00.000Z
14.3,hnx,VC9,2021-12-20T00:00:00.000Z
99.5,hose,VCB,2021-12-20T00:00:00.000Z
235.1,hose,VCF,2021-12-20T00:00:00.000Z
49.6,hose,VCG,2021-12-20T00:00:00.000Z
76.7,hose,VCI,2021-12-20T00:00:00.000Z
51.4,upcom,VCR,2021-12-20T00:00:00.000Z
116.9,hnx,VCS,2021-12-20T00:00:00.000Z
7.1,upcom,VE9,2021-12-20T00:00:00.000Z
43.6,upcom,VEA,2021-12-20T00:00:00.000Z
17.2,upcom,VFS,2021-12-20T00:00:00.000Z
58.7,hose,VGC,2021-12-20T00:00:00.000Z
32.6,upcom,VGI,2021-12-20T00:00:00.000Z
47.8,hnx,VGS,2021-12-20T00:00:00.000Z
28.6,upcom,VGT,2021-12-20T00:00:00.000Z
15.4,upcom,VGV,2021-12-20T00:00:00.000Z
65,hose,VHC,2021-12-20T00:00:00.000Z
11.6,hnx,VHE,2021-12-20T00:00:00.000Z
7.8,upcom,VHG,2021-12-20T00:00:00.000Z
83.5,hose,VHM,2021-12-20T00:00:00.000Z
45.5,hose,VIB,2021-12-20T00:00:00.000Z
99,hose,VIC,2021-12-20T00:00:00.000Z
18.5,hnx,VIG,2021-12-20T00:00:00.000Z
32.6,hose,VIX,2021-12-20T00:00:00.000Z
122.1,hose,VJC,2021-12-20T00:00:00.000Z
12.6,hnx,VKC,2021-12-20T00:00:00.000Z
10.5,upcom,VLG,2021-12-20T00:00:00.000Z
33.2,upcom,VNA,2021-12-20T00:00:00.000Z
24.4,upcom,VNB,2021-12-20T00:00:00.000Z
85.2,hose,VND,2021-12-20T00:00:00.000Z
7.2,upcom,VNH,2021-12-20T00:00:00.000Z
85.7,hose,VNM,2021-12-20T00:00:00.000Z
27,upcom,VNP,2021-12-20T00:00:00.000Z
35.2,upcom,VOC,2021-12-20T00:00:00.000Z
34.15,hose,VPB,2021-12-20T00:00:00.000Z
53.7,hose,VPI,2021-12-20T00:00:00.000Z
31.05,hose,VRE,2021-12-20T00:00:00.000Z
16.1,upcom,VTD,2021-12-20T00:00:00.000Z
75.3,upcom,VTP,2021-12-20T00:00:00.000Z
9.4,hnx,VTV,2021-12-20T00:00:00.000Z
16.7,hnx,WSS,2021-12-20T00:00:00.000Z
18.7,upcom,XMC,2021-12-20T00:00:00.000Z
28.3,upcom,AAS,2021-12-21T00:00:00.000Z
23.5,hnx,AAV,2021-12-21T00:00:00.000Z
20.9,upcom,ABB,2021-12-21T00:00:00.000Z
32.8,hose,ACB,2021-12-21T00:00:00.000Z
15.3,upcom,AFX,2021-12-21T00:00:00.000Z
16.5,upcom,AMS,2021-12-21T00:00:00.000Z
15.3,hnx,AMV,2021-12-21T00:00:00.000Z
18.4,upcom,ANT,2021-12-21T00:00:00.000Z
62.1,upcom,APF,2021-12-21T00:00:00.000Z
36.15,hose,APH,2021-12-21T00:00:00.000Z
76.5,hnx,API,2021-12-21T00:00:00.000Z
37,hnx,APS,2021-12-21T00:00:00.000Z
15.1,hnx,ART,2021-12-21T00:00:00.000Z
21.25,hose,ASM,2021-12-21T00:00:00.000Z
22,hnx,BAB,2021-12-21T00:00:00.000Z
11.2,upcom,BCA,2021-12-21T00:00:00.000Z
25.6,hnx,BCC,2021-12-21T00:00:00.000Z
67.9,hose,BCM,2021-12-21T00:00:00.000Z
60.1,hose,BHN,2021-12-21T00:00:00.000Z
43.8,hose,BID,2021-12-21T00:00:00.000Z
12.8,hnx,BII,2021-12-21T00:00:00.000Z
62.2,hose,BMP,2021-12-21T00:00:00.000Z
23.5,upcom,BMS,2021-12-21T00:00:00.000Z
43,hnx,BNA,2021-12-21T00:00:00.000Z
14.4,upcom,BOT,2021-12-21T00:00:00.000Z
21.9,upcom,BSR,2021-12-21T00:00:00.000Z
6.8,upcom,BTN,2021-12-21T00:00:00.000Z
11.6,hnx,BTS,2021-12-21T00:00:00.000Z
22.8,upcom,BVB,2021-12-21T00:00:00.000Z
7.2,upcom,BVG,2021-12-21T00:00:00.000Z
57,hose,BVH,2021-12-21T00:00:00.000Z
38.7,hnx,BVS,2021-12-21T00:00:00.000Z
45.6,hose,BWE,2021-12-21T00:00:00.000Z
25.1,upcom,C4G,2021-12-21T00:00:00.000Z
18.1,hnx,C69,2021-12-21T00:00:00.000Z
26.3,upcom,CBI,2021-12-21T00:00:00.000Z
7.7,upcom,CDO,2021-12-21T00:00:00.000Z
17.7,upcom,CEN,2021-12-21T00:00:00.000Z
61.6,hnx,CEO,2021-12-21T00:00:00.000Z
41.15,hose,CII,2021-12-21T00:00:00.000Z
26.2,upcom,CLX,2021-12-21T00:00:00.000Z
34,hnx,CMS,2021-12-21T00:00:00.000Z
129.1,hnx,CSC,2021-12-21T00:00:00.000Z
16,upcom,CST,2021-12-21T00:00:00.000Z
8,hnx,CTC,2021-12-21T00:00:00.000Z
89.1,hose,CTD,2021-12-21T00:00:00.000Z
32,hose,CTG,2021-12-21T00:00:00.000Z
82.2,upcom,CTR,2021-12-21T00:00:00.000Z
11.8,hnx,CVN,2021-12-21T00:00:00.000Z
74.5,hose,DBC,2021-12-21T00:00:00.000Z
40.05,hose,DCM,2021-12-21T00:00:00.000Z
31,hnx,DDG,2021-12-21T00:00:00.000Z
29.2,upcom,DDV,2021-12-21T00:00:00.000Z
25,upcom,DFF,2021-12-21T00:00:00.000Z
160.9,hose,DGC,2021-12-21T00:00:00.000Z
35.3,upcom,DGT,2021-12-21T00:00:00.000Z
122.2,hose,DGW,2021-12-21T00:00:00.000Z
84.9,hose,DHC,2021-12-21T00:00:00.000Z
130,hose,DHG,2021-12-21T00:00:00.000Z
93,hose,DIG,2021-12-21T00:00:00.000Z
15.7,hnx,DL1,2021-12-21T00:00:00.000Z
53.9,hose,DPM,2021-12-21T00:00:00.000Z
16.3,upcom,DRI,2021-12-21T00:00:00.000Z
10.3,hnx,DST,2021-12-21T00:00:00.000Z
12,hnx,DTC,2021-12-21T00:00:00.000Z
52,hnx,DTD,2021-12-21T00:00:00.000Z
22.9,hnx,DVG,2021-12-21T00:00:00.000Z
26.8,upcom,DVN,2021-12-21T00:00:00.000Z
35.85,hose,DXG,2021-12-21T00:00:00.000Z
21.6,hnx,DXP,2021-12-21T00:00:00.000Z
26.75,hose,EIB,2021-12-21T00:00:00.000Z
15.9,upcom,EIN,2021-12-21T00:00:00.000Z
18.6,upcom,EVF,2021-12-21T00:00:00.000Z
41.2,hnx,EVS,2021-12-21T00:00:00.000Z
8.5,hnx,FID,2021-12-21T00:00:00.000Z
18,hose,FLC,2021-12-21T00:00:00.000Z
95.2,hose,FPT,2021-12-21T00:00:00.000Z
23.3,upcom,G36,2021-12-21T00:00:00.000Z
94,hose,GAS,2021-12-21T00:00:00.000Z
19.65,hose,GEG,2021-12-21T00:00:00.000Z
38.5,hose,GEX,2021-12-21T00:00:00.000Z
43.1,hnx,GKM,2021-12-21T00:00:00.000Z
47.65,hose,GMD,2021-12-21T00:00:00.000Z
21.65,hose,GTN,2021-12-21T00:00:00.000Z
37.7,hose,GVR,2021-12-21T00:00:00.000Z
16.8,upcom,HAC,2021-12-21T00:00:00.000Z
13.6,hose,HAG,2021-12-21T00:00:00.000Z
25.95,hose,HBC,2021-12-21T00:00:00.000Z
16.3,hnx,HBS,2021-12-21T00:00:00.000Z
45.8,hose,HCM,2021-12-21T00:00:00.000Z
39.7,upcom,HD6,2021-12-21T00:00:00.000Z
29.4,hose,HDB,2021-12-21T00:00:00.000Z
63.8,hose,HDG,2021-12-21T00:00:00.000Z
8.4,hnx,HHG,2021-12-21T00:00:00.000Z
11.1,hose,HHS,2021-12-21T00:00:00.000Z
25.5,upcom,HHV,2021-12-21T00:00:00.000Z
41.5,upcom,HMS,2021-12-21T00:00:00.000Z
11.1,hose,HNG,2021-12-21T00:00:00.000Z
9.5,hnx,HOM,2021-12-21T00:00:00.000Z
46.1,hose,HPG,2021-12-21T00:00:00.000Z
34.45,hose,HPX,2021-12-21T00:00:00.000Z
8.6,hose,HQC,2021-12-21T00:00:00.000Z
34.85,hose,HSG,2021-12-21T00:00:00.000Z
15.4,upcom,HSV,2021-12-21T00:00:00.000Z
23.1,hose,HT1,2021-12-21T00:00:00.000Z
8.2,upcom,HTE,2021-12-21T00:00:00.000Z
27.6,upcom,HU4,2021-12-21T00:00:00.000Z
18.5,hnx,HUT,2021-12-21T00:00:00.000Z
23.35,hose,HVN,2021-12-21T00:00:00.000Z
81,hnx,IDC,2021-12-21T00:00:00.000Z
47.4,hnx,IDJ,2021-12-21T00:00:00.000Z
31.8,hose,IJC,2021-12-21T00:00:00.000Z
13.1,upcom,ILA,2021-12-21T00:00:00.000Z
75.7,hose,IMP,2021-12-21T00:00:00.000Z
67.1,hnx,IPA,2021-12-21T00:00:00.000Z
17.1,hose,ITA,2021-12-21T00:00:00.000Z
10.2,hnx,ITQ,2021-12-21T00:00:00.000Z
18.9,hnx,IVS,2021-12-21T00:00:00.000Z
58.4,hose,KBC,2021-12-21T00:00:00.000Z
55.3,hose,KDC,2021-12-21T00:00:00.000Z
50.2,hose,KDH,2021-12-21T00:00:00.000Z
7.9,upcom,KHB,2021-12-21T00:00:00.000Z
23.9,upcom,KLB,2021-12-21T00:00:00.000Z
8.4,hnx,KLF,2021-12-21T00:00:00.000Z
31.8,hose,KOS,2021-12-21T00:00:00.000Z
70.1,hnx,KSF,2021-12-21T00:00:00.000Z
5.1,upcom,KSH,2021-12-21T00:00:00.000Z
9,hnx,KSQ,2021-12-21T00:00:00.000Z
8,hnx,KVC,2021-12-21T00:00:00.000Z
26.7,hnx,LAS,2021-12-21T00:00:00.000Z
18.3,hnx,LIG,2021-12-21T00:00:00.000Z
9.2,upcom,LMH,2021-12-21T00:00:00.000Z
21.3,hose,LPB,2021-12-21T00:00:00.000Z
13.9,upcom,LPT,2021-12-21T00:00:00.000Z
36.9,upcom,LTG,2021-12-21T00:00:00.000Z
9.1,hnx,MAC,2021-12-21T00:00:00.000Z
27.95,hose,MBB,2021-12-21T00:00:00.000Z
16.3,hnx,MBG,2021-12-21T00:00:00.000Z
39.6,hnx,MBS,2021-12-21T00:00:00.000Z
8.3,hnx,MCO,2021-12-21T00:00:00.000Z
36.5,upcom,MLS,2021-12-21T00:00:00.000Z
42.6,upcom,MPC,2021-12-21T00:00:00.000Z
26.5,hose,MSB,2021-12-21T00:00:00.000Z
166.6,hose,MSN,2021-12-21T00:00:00.000Z
28.2,upcom,MSR,2021-12-21T00:00:00.000Z
19.3,hnx,MST,2021-12-21T00:00:00.000Z
13.3,upcom,MVC,2021-12-21T00:00:00.000Z
133,hose,MWG,2021-12-21T00:00:00.000Z
19.2,upcom,NAB,2021-12-21T00:00:00.000Z
12.9,hnx,NAG,2021-12-21T00:00:00.000Z
16.3,hnx,NBC,2021-12-21T00:00:00.000Z
19.8,hnx,NDN,2021-12-21T00:00:00.000Z
29.9,upcom,NDT,2021-12-21T00:00:00.000Z
11.1,hnx,NDX,2021-12-21T00:00:00.000Z
12.7,upcom,NED,2021-12-21T00:00:00.000Z
65.2,hose,NLG,2021-12-21T00:00:00.000Z
29.6,hnx,NRC,2021-12-21T00:00:00.000Z
13.4,hnx,NSH,2021-12-21T00:00:00.000Z
26.75,hose,NT2,2021-12-21T00:00:00.000Z
57.8,hnx,NTP,2021-12-21T00:00:00.000Z
28.6,hnx,NVB,2021-12-21T00:00:00.000Z
116.6,hose,NVL,2021-12-21T00:00:00.000Z
26.25,hose,OCB,2021-12-21T00:00:00.000Z
9.9,hnx,OCH,2021-12-21T00:00:00.000Z
16.6,upcom,OIL,2021-12-21T00:00:00.000Z
39.3,hose,PAN,2021-12-21T00:00:00.000Z
23.9,upcom,PAS,2021-12-21T00:00:00.000Z
39.5,hose,PC1,2021-12-21T00:00:00.000Z
9.8,hnx,PCG,2021-12-21T00:00:00.000Z
95.8,hose,PDR,2021-12-21T00:00:00.000Z
8.8,upcom,PFL,2021-12-21T00:00:00.000Z
31,upcom,PGB,2021-12-21T00:00:00.000Z
39.8,upcom,PGV,2021-12-21T00:00:00.000Z
27.8,hnx,PHP,2021-12-21T00:00:00.000Z
71.7,hose,PHR,2021-12-21T00:00:00.000Z
41.8,hnx,PLC,2021-12-21T00:00:00.000Z
53,hose,PLX,2021-12-21T00:00:00.000Z
94.8,hose,PNJ,2021-12-21T00:00:00.000Z
14.85,hose,POM,2021-12-21T00:00:00.000Z
18.7,hose,POW,2021-12-21T00:00:00.000Z
24.5,hose,PPC,2021-12-21T00:00:00.000Z
30.6,upcom,PRT,2021-12-21T00:00:00.000Z
33.6,hnx,PSD,2021-12-21T00:00:00.000Z
18.9,hnx,PSI,2021-12-21T00:00:00.000Z
17.9,hose,PTL,2021-12-21T00:00:00.000Z
9,hnx,PV2,2021-12-21T00:00:00.000Z
14.8,hnx,PVC,2021-12-21T00:00:00.000Z
27.4,hose,PVD,2021-12-21T00:00:00.000Z
14.3,hnx,PVG,2021-12-21T00:00:00.000Z
52,hnx,PVI,2021-12-21T00:00:00.000Z
15.7,hnx,PVL,2021-12-21T00:00:00.000Z
22.9,upcom,PVM,2021-12-21T00:00:00.000Z
18.4,upcom,PVP,2021-12-21T00:00:00.000Z
26.1,hnx,PVS,2021-12-21T00:00:00.000Z
23.25,hose,PVT,2021-12-21T00:00:00.000Z
7,upcom,PXT,2021-12-21T00:00:00.000Z
48.4,upcom,QNS,2021-12-21T00:00:00.000Z
18.9,upcom,QTP,2021-12-21T00:00:00.000Z
69,hose,REE,2021-12-21T00:00:00.000Z
23.7,hnx,S99,2021-12-21T00:00:00.000Z
148.9,hose,SAB,2021-12-21T00:00:00.000Z
24.7,hose,SAM,2021-12-21T00:00:00.000Z
18,upcom,SBS,2021-12-21T00:00:00.000Z
23.25,hose,SBT,2021-12-21T00:00:00.000Z
80.3,hnx,SCG,2021-12-21T00:00:00.000Z
39.6,hnx,SCI,2021-12-21T00:00:00.000Z
153.3,hose,SCS,2021-12-21T00:00:00.000Z
7.8,upcom,SD3,2021-12-21T00:00:00.000Z
12.1,hnx,SD5,2021-12-21T00:00:00.000Z
7.9,hnx,SD6,2021-12-21T00:00:00.000Z
8,upcom,SD7,2021-12-21T00:00:00.000Z
12.9,hnx,SD9,2021-12-21T00:00:00.000Z
33.8,hnx,SDA,2021-12-21T00:00:00.000Z
7.9,upcom,SDD,2021-12-21T00:00:00.000Z
6.6,upcom,SDP,2021-12-21T00:00:00.000Z
18.1,upcom,SGB,2021-12-21T00:00:00.000Z
28.1,upcom,SGI,2021-12-21T00:00:00.000Z
35,upcom,SGP,2021-12-21T00:00:00.000Z
50.9,hnx,SHS,2021-12-21T00:00:00.000Z
78.5,hose,SJS,2021-12-21T00:00:00.000Z
26.1,upcom,SKH,2021-12-21T00:00:00.000Z
12.1,hnx,SPI,2021-12-21T00:00:00.000Z
11.6,hnx,SRA,2021-12-21T00:00:00.000Z
8.3,upcom,SRB,2021-12-21T00:00:00.000Z
7.5,upcom,SRT,2021-12-21T00:00:00.000Z
101.1,upcom,SSH,2021-12-21T00:00:00.000Z
52.5,hose,SSI,2021-12-21T00:00:00.000Z
28.2,hose,STB,2021-12-21T00:00:00.000Z
10.9,upcom,STH,2021-12-21T00:00:00.000Z
7.4,hnx,SVN,2021-12-21T00:00:00.000Z
65.3,hose,SZC,2021-12-21T00:00:00.000Z
14.3,hnx,TA9,2021-12-21T00:00:00.000Z
42,hnx,TAR,2021-12-21T00:00:00.000Z
78,upcom,TBD,2021-12-21T00:00:00.000Z
11.5,hnx,TC6,2021-12-21T00:00:00.000Z
49.25,hose,TCB,2021-12-21T00:00:00.000Z
26.4,hose,TCH,2021-12-21T00:00:00.000Z
22.5,upcom,TCI,2021-12-21T00:00:00.000Z
70,hose,TCM,2021-12-21T00:00:00.000Z
14,hnx,TDT,2021-12-21T00:00:00.000Z
245.5,hnx,THD,2021-12-21T00:00:00.000Z
13.1,hnx,THT,2021-12-21T00:00:00.000Z
59.6,upcom,TID,2021-12-21T00:00:00.000Z
26.5,hnx,TIG,2021-12-21T00:00:00.000Z
13.2,upcom,TIS,2021-12-21T00:00:00.000Z
22.8,upcom,TL4,2021-12-21T00:00:00.000Z
34,hnx,TNG,2021-12-21T00:00:00.000Z
10.4,upcom,TNS,2021-12-21T00:00:00.000Z
38.8,hose,TPB,2021-12-21T00:00:00.000Z
7.9,hnx,TTH,2021-12-21T00:00:00.000Z
28.5,upcom,TTN,2021-12-21T00:00:00.000Z
23.3,hnx,TVC,2021-12-21T00:00:00.000Z
12.8,hnx,TVD,2021-12-21T00:00:00.000Z
16.3,upcom,TVN,2021-12-21T00:00:00.000Z
17.2,upcom,VAB,2021-12-21T00:00:00.000Z
17.8,upcom,VBB,2021-12-21T00:00:00.000Z
69,hnx,VC2,2021-12-21T00:00:00.000Z
55.6,hnx,VC3,2021-12-21T00:00:00.000Z
26.1,hnx,VC7,2021-12-21T00:00:00.000Z
14.5,hnx,VC9,2021-12-21T00:00:00.000Z
76.6,hose,VCB,2021-12-21T00:00:00.000Z
235.1,hose,VCF,2021-12-21T00:00:00.000Z
49.75,hose,VCG,2021-12-21T00:00:00.000Z
75.3,hose,VCI,2021-12-21T00:00:00.000Z
55,upcom,VCR,2021-12-21T00:00:00.000Z
116.5,hnx,VCS,2021-12-21T00:00:00.000Z
7,upcom,VE9,2021-12-21T00:00:00.000Z
44,upcom,VEA,2021-12-21T00:00:00.000Z
17,upcom,VFS,2021-12-21T00:00:00.000Z
57.8,hose,VGC,2021-12-21T00:00:00.000Z
32.6,upcom,VGI,2021-12-21T00:00:00.000Z
49.5,hnx,VGS,2021-12-21T00:00:00.000Z
28,upcom,VGT,2021-12-21T00:00:00.000Z
14.5,upcom,VGV,2021-12-21T00:00:00.000Z
65.9,hose,VHC,2021-12-21T00:00:00.000Z
11.8,hnx,VHE,2021-12-21T00:00:00.000Z
8.1,upcom,VHG,2021-12-21T00:00:00.000Z
86,hose,VHM,2021-12-21T00:00:00.000Z
44.1,hose,VIB,2021-12-21T00:00:00.000Z
98.1,hose,VIC,2021-12-21T00:00:00.000Z
18.1,hnx,VIG,2021-12-21T00:00:00.000Z
32.4,hose,VIX,2021-12-21T00:00:00.000Z
122.5,hose,VJC,2021-12-21T00:00:00.000Z
12.6,hnx,VKC,2021-12-21T00:00:00.000Z
10.6,upcom,VLG,2021-12-21T00:00:00.000Z
32.6,upcom,VNA,2021-12-21T00:00:00.000Z
25.1,upcom,VNB,2021-12-21T00:00:00.000Z
84.8,hose,VND,2021-12-21T00:00:00.000Z
6.8,upcom,VNH,2021-12-21T00:00:00.000Z
85.5,hose,VNM,2021-12-21T00:00:00.000Z
26.8,upcom,VNP,2021-12-21T00:00:00.000Z
35.3,upcom,VOC,2021-12-21T00:00:00.000Z
34.15,hose,VPB,2021-12-21T00:00:00.000Z
54.4,hose,VPI,2021-12-21T00:00:00.000Z
31.4,hose,VRE,2021-12-21T00:00:00.000Z
16.1,upcom,VTD,2021-12-21T00:00:00.000Z
74.7,upcom,VTP,2021-12-21T00:00:00.000Z
9.4,hnx,VTV,2021-12-21T00:00:00.000Z
16,hnx,WSS,2021-12-21T00:00:00.000Z
17.8,upcom,XMC,2021-12-21T00:00:00.000Z
29.4,upcom,AAS,2021-12-26T00:00:00.000Z
24.6,hnx,AAV,2021-12-26T00:00:00.000Z
21,upcom,ABB,2021-12-26T00:00:00.000Z
33,hose,ACB,2021-12-26T00:00:00.000Z
16.1,upcom,AFX,2021-12-26T00:00:00.000Z
16.2,upcom,AMS,2021-12-26T00:00:00.000Z
14.2,hnx,AMV,2021-12-26T00:00:00.000Z
18.7,upcom,ANT,2021-12-26T00:00:00.000Z
59.4,upcom,APF,2021-12-26T00:00:00.000Z
36.7,hose,APH,2021-12-26T00:00:00.000Z
67,hnx,API,2021-12-26T00:00:00.000Z
31.9,hnx,APS,2021-12-26T00:00:00.000Z
14.1,hnx,ART,2021-12-26T00:00:00.000Z
23.1,hose,ASM,2021-12-26T00:00:00.000Z
22.6,hnx,BAB,2021-12-26T00:00:00.000Z
11.4,upcom,BCA,2021-12-26T00:00:00.000Z
23.2,hnx,BCC,2021-12-26T00:00:00.000Z
65.5,hose,BCM,2021-12-26T00:00:00.000Z
60,hose,BHN,2021-12-26T00:00:00.000Z
35,hose,BID,2021-12-26T00:00:00.000Z
13.9,hnx,BII,2021-12-26T00:00:00.000Z
58.5,hose,BMP,2021-12-26T00:00:00.000Z
21.6,upcom,BMS,2021-12-26T00:00:00.000Z
42.9,hnx,BNA,2021-12-26T00:00:00.000Z
15.8,upcom,BOT,2021-12-26T00:00:00.000Z
23,upcom,BSR,2021-12-26T00:00:00.000Z
7.5,upcom,BTN,2021-12-26T00:00:00.000Z
11,hnx,BTS,2021-12-26T00:00:00.000Z
21.8,upcom,BVB,2021-12-26T00:00:00.000Z
8.5,upcom,BVG,2021-12-26T00:00:00.000Z
56,hose,BVH,2021-12-26T00:00:00.000Z
37,hnx,BVS,2021-12-26T00:00:00.000Z
44.6,hose,BWE,2021-12-26T00:00:00.000Z
23.7,upcom,C4G,2021-12-26T00:00:00.000Z
17.4,hnx,C69,2021-12-26T00:00:00.000Z
27,upcom,CBI,2021-12-26T00:00:00.000Z
8.2,upcom,CDO,2021-12-26T00:00:00.000Z
17.4,upcom,CEN,2021-12-26T00:00:00.000Z
58,hnx,CEO,2021-12-26T00:00:00.000Z
39,hose,CII,2021-12-26T00:00:00.000Z
25.6,upcom,CLX,2021-12-26T00:00:00.000Z
28.5,hnx,CMS,2021-12-26T00:00:00.000Z
128,hnx,CSC,2021-12-26T00:00:00.000Z
16.1,upcom,CST,2021-12-26T00:00:00.000Z
8.6,hnx,CTC,2021-12-26T00:00:00.000Z
96.7,hose,CTD,2021-12-26T00:00:00.000Z
32.9,hose,CTG,2021-12-26T00:00:00.000Z
81.7,upcom,CTR,2021-12-26T00:00:00.000Z
12.9,hnx,CVN,2021-12-26T00:00:00.000Z
71.4,hose,DBC,2021-12-26T00:00:00.000Z
37.45,hose,DCM,2021-12-26T00:00:00.000Z
31,hnx,DDG,2021-12-26T00:00:00.000Z
27.7,upcom,DDV,2021-12-26T00:00:00.000Z
27.8,upcom,DFF,2021-12-26T00:00:00.000Z
159.9,hose,DGC,2021-12-26T00:00:00.000Z
33.1,upcom,DGT,2021-12-26T00:00:00.000Z
121.5,hose,DGW,2021-12-26T00:00:00.000Z
84.7,hose,DHC,2021-12-26T00:00:00.000Z
118.1,hose,DHG,2021-12-26T00:00:00.000Z
90,hose,DIG,2021-12-26T00:00:00.000Z
14.8,hnx,DL1,2021-12-26T00:00:00.000Z
54.8,hose,DPM,2021-12-26T00:00:00.000Z
16.8,upcom,DRI,2021-12-26T00:00:00.000Z
12.4,hnx,DST,2021-12-26T00:00:00.000Z
13.1,hnx,DTC,2021-12-26T00:00:00.000Z
50,hnx,DTD,2021-12-26T00:00:00.000Z
25.7,hnx,DVG,2021-12-26T00:00:00.000Z
25.9,upcom,DVN,2021-12-26T00:00:00.000Z
34.4,hose,DXG,2021-12-26T00:00:00.000Z
20.8,hnx,DXP,2021-12-26T00:00:00.000Z
31.2,hose,EIB,2021-12-26T00:00:00.000Z
15.7,upcom,EIN,2021-12-26T00:00:00.000Z
18.7,upcom,EVF,2021-12-26T00:00:00.000Z
40.9,hnx,EVS,2021-12-26T00:00:00.000Z
10.1,hnx,FID,2021-12-26T00:00:00.000Z
17.55,hose,FLC,2021-12-26T00:00:00.000Z
93.8,hose,FPT,2021-12-26T00:00:00.000Z
23.7,upcom,G36,2021-12-26T00:00:00.000Z
95.7,hose,GAS,2021-12-26T00:00:00.000Z
20.8,hose,GEG,2021-12-26T00:00:00.000Z
36.9,hose,GEX,2021-12-26T00:00:00.000Z
43.3,hnx,GKM,2021-12-26T00:00:00.000Z
45.75,hose,GMD,2021-12-26T00:00:00.000Z
20.35,hose,GTN,2021-12-26T00:00:00.000Z
39.05,hose,GVR,2021-12-26T00:00:00.000Z
15.7,upcom,HAC,2021-12-26T00:00:00.000Z
14.2,hose,HAG,2021-12-26T00:00:00.000Z
28.4,hose,HBC,2021-12-26T00:00:00.000Z
15.5,hnx,HBS,2021-12-26T00:00:00.000Z
44,hose,HCM,2021-12-26T00:00:00.000Z
37.8,upcom,HD6,2021-12-26T00:00:00.000Z
28.7,hose,HDB,2021-12-26T00:00:00.000Z
65.5,hose,HDG,2021-12-26T00:00:00.000Z
8.8,hnx,HHG,2021-12-26T00:00:00.000Z
11.55,hose,HHS,2021-12-26T00:00:00.000Z
26.2,upcom,HHV,2021-12-26T00:00:00.000Z
41.3,upcom,HMS,2021-12-26T00:00:00.000Z
12.55,hose,HNG,2021-12-26T00:00:00.000Z
9,hnx,HOM,2021-12-26T00:00:00.000Z
46.05,hose,HPG,2021-12-26T00:00:00.000Z
34.4,hose,HPX,2021-12-26T00:00:00.000Z
8.8,hose,HQC,2021-12-26T00:00:00.000Z
35.7,hose,HSG,2021-12-26T00:00:00.000Z
17.6,upcom,HSV,2021-12-26T00:00:00.000Z
22.45,hose,HT1,2021-12-26T00:00:00.000Z
8,upcom,HTE,2021-12-26T00:00:00.000Z
27.9,upcom,HU4,2021-12-26T00:00:00.000Z
19,hnx,HUT,2021-12-26T00:00:00.000Z
23.3,hose,HVN,2021-12-26T00:00:00.000Z
71.4,hnx,IDC,2021-12-26T00:00:00.000Z
39.7,hnx,IDJ,2021-12-26T00:00:00.000Z
32.4,hose,IJC,2021-12-26T00:00:00.000Z
12.2,upcom,ILA,2021-12-26T00:00:00.000Z
76.1,hose,IMP,2021-12-26T00:00:00.000Z
65,hnx,IPA,2021-12-26T00:00:00.000Z
17.7,hose,ITA,2021-12-26T00:00:00.000Z
10.7,hnx,ITQ,2021-12-26T00:00:00.000Z
17.4,hnx,IVS,2021-12-26T00:00:00.000Z
60,hose,KBC,2021-12-26T00:00:00.000Z
54.8,hose,KDC,2021-12-26T00:00:00.000Z
51,hose,KDH,2021-12-26T00:00:00.000Z
9.8,upcom,KHB,2021-12-26T00:00:00.000Z
23.6,upcom,KLB,2021-12-26T00:00:00.000Z
8,hnx,KLF,2021-12-26T00:00:00.000Z
33.5,hose,KOS,2021-12-26T00:00:00.000Z
69,hnx,KSF,2021-12-26T00:00:00.000Z
4.6,upcom,KSH,2021-12-26T00:00:00.000Z
9.1,hnx,KSQ,2021-12-26T00:00:00.000Z
8.5,hnx,KVC,2021-12-26T00:00:00.000Z
23.8,hnx,LAS,2021-12-26T00:00:00.000Z
19.5,hnx,LIG,2021-12-26T00:00:00.000Z
9.8,upcom,LMH,2021-12-26T00:00:00.000Z
21.7,hose,LPB,2021-12-26T00:00:00.000Z
13.9,upcom,LPT,2021-12-26T00:00:00.000Z
35.6,upcom,LTG,2021-12-26T00:00:00.000Z
9.7,hnx,MAC,2021-12-26T00:00:00.000Z
28.15,hose,MBB,2021-12-26T00:00:00.000Z
17.2,hnx,MBG,2021-12-26T00:00:00.000Z
37.6,hnx,MBS,2021-12-26T00:00:00.000Z
8.3,hnx,MCO,2021-12-26T00:00:00.000Z
35.8,upcom,MLS,2021-12-26T00:00:00.000Z
42.3,upcom,MPC,2021-12-26T00:00:00.000Z
27.1,hose,MSB,2021-12-26T00:00:00.000Z
171,hose,MSN,2021-12-26T00:00:00.000Z
27.3,upcom,MSR,2021-12-26T00:00:00.000Z
18.6,hnx,MST,2021-12-26T00:00:00.000Z
12.5,upcom,MVC,2021-12-26T00:00:00.000Z
134.6,hose,MWG,2021-12-26T00:00:00.000Z
19.1,upcom,NAB,2021-12-26T00:00:00.000Z
13.1,hnx,NAG,2021-12-26T00:00:00.000Z
15.6,hnx,NBC,2021-12-26T00:00:00.000Z
18.9,hnx,NDN,2021-12-26T00:00:00.000Z
30.2,upcom,NDT,2021-12-26T00:00:00.000Z
11.2,hnx,NDX,2021-12-26T00:00:00.000Z
13.1,upcom,NED,2021-12-26T00:00:00.000Z
60.7,hose,NLG,2021-12-26T00:00:00.000Z
31.4,hnx,NRC,2021-12-26T00:00:00.000Z
13.4,hnx,NSH,2021-12-26T00:00:00.000Z
26.1,hose,NT2,2021-12-26T00:00:00.000Z
58.8,hnx,NTP,2021-12-26T00:00:00.000Z
29.2,hnx,NVB,2021-12-26T00:00:00.000Z
88.9,hose,NVL,2021-12-26T00:00:00.000Z
25.9,hose,OCB,2021-12-26T00:00:00.000Z
10.1,hnx,OCH,2021-12-26T00:00:00.000Z
17.2,upcom,OIL,2021-12-26T00:00:00.000Z
37.5,hose,PAN,2021-12-26T00:00:00.000Z
23.6,upcom,PAS,2021-12-26T00:00:00.000Z
38.9,hose,PC1,2021-12-26T00:00:00.000Z
9.8,hnx,PCG,2021-12-26T00:00:00.000Z
94.5,hose,PDR,2021-12-26T00:00:00.000Z
8.3,upcom,PFL,2021-12-26T00:00:00.000Z
31.1,upcom,PGB,2021-12-26T00:00:00.000Z
38.5,upcom,PGV,2021-12-26T00:00:00.000Z
26.7,hnx,PHP,2021-12-26T00:00:00.000Z
73.6,hose,PHR,2021-12-26T00:00:00.000Z
40.1,hnx,PLC,2021-12-26T00:00:00.000Z
53,hose,PLX,2021-12-26T00:00:00.000Z
94.7,hose,PNJ,2021-12-26T00:00:00.000Z
14.55,hose,POM,2021-12-26T00:00:00.000Z
17.25,hose,POW,2021-12-26T00:00:00.000Z
25,hose,PPC,2021-12-26T00:00:00.000Z
26,upcom,PRT,2021-12-26T00:00:00.000Z
32.2,hnx,PSD,2021-12-26T00:00:00.000Z
18.5,hnx,PSI,2021-12-26T00:00:00.000Z
17.3,hose,PTL,2021-12-26T00:00:00.000Z
9.1,hnx,PV2,2021-12-26T00:00:00.000Z
16.4,hnx,PVC,2021-12-26T00:00:00.000Z
28.9,hose,PVD,2021-12-26T00:00:00.000Z
14.9,hnx,PVG,2021-12-26T00:00:00.000Z
50,hnx,PVI,2021-12-26T00:00:00.000Z
15.9,hnx,PVL,2021-12-26T00:00:00.000Z
21.8,upcom,PVM,2021-12-26T00:00:00.000Z
18.5,upcom,PVP,2021-12-26T00:00:00.000Z
26.5,hnx,PVS,2021-12-26T00:00:00.000Z
23.8,hose,PVT,2021-12-26T00:00:00.000Z
7.6,upcom,PXT,2021-12-26T00:00:00.000Z
48.3,upcom,QNS,2021-12-26T00:00:00.000Z
18.2,upcom,QTP,2021-12-26T00:00:00.000Z
71.8,hose,REE,2021-12-26T00:00:00.000Z
24.3,hnx,S99,2021-12-26T00:00:00.000Z
147,hose,SAB,2021-12-26T00:00:00.000Z
26.7,hose,SAM,2021-12-26T00:00:00.000Z
17,upcom,SBS,2021-12-26T00:00:00.000Z
24.7,hose,SBT,2021-12-26T00:00:00.000Z
78.1,hnx,SCG,2021-12-26T00:00:00.000Z
39.9,hnx,SCI,2021-12-26T00:00:00.000Z
153,hose,SCS,2021-12-26T00:00:00.000Z
9.5,upcom,SD3,2021-12-26T00:00:00.000Z
12.7,hnx,SD5,2021-12-26T00:00:00.000Z
9.5,hnx,SD6,2021-12-26T00:00:00.000Z
9.2,upcom,SD7,2021-12-26T00:00:00.000Z
15.5,hnx,SD9,2021-12-26T00:00:00.000Z
34,hnx,SDA,2021-12-26T00:00:00.000Z
8.6,upcom,SDD,2021-12-26T00:00:00.000Z
7,upcom,SDP,2021-12-26T00:00:00.000Z
17.8,upcom,SGB,2021-12-26T00:00:00.000Z
28,upcom,SGI,2021-12-26T00:00:00.000Z
33.9,upcom,SGP,2021-12-26T00:00:00.000Z
48,hnx,SHS,2021-12-26T00:00:00.000Z
78.4,hose,SJS,2021-12-26T00:00:00.000Z
25.3,upcom,SKH,2021-12-26T00:00:00.000Z
11.6,hnx,SPI,2021-12-26T00:00:00.000Z
12.7,hnx,SRA,2021-12-26T00:00:00.000Z
8.2,upcom,SRB,2021-12-26T00:00:00.000Z
8.4,upcom,SRT,2021-12-26T00:00:00.000Z
100,upcom,SSH,2021-12-26T00:00:00.000Z
49.05,hose,SSI,2021-12-26T00:00:00.000Z
28.2,hose,STB,2021-12-26T00:00:00.000Z
11.2,upcom,STH,2021-12-26T00:00:00.000Z
8.8,hnx,SVN,2021-12-26T00:00:00.000Z
64.8,hose,SZC,2021-12-26T00:00:00.000Z
13.2,hnx,TA9,2021-12-26T00:00:00.000Z
42,hnx,TAR,2021-12-26T00:00:00.000Z
82.5,upcom,TBD,2021-12-26T00:00:00.000Z
10.3,hnx,TC6,2021-12-26T00:00:00.000Z
48.9,hose,TCB,2021-12-26T00:00:00.000Z
27.65,hose,TCH,2021-12-26T00:00:00.000Z
19.2,upcom,TCI,2021-12-26T00:00:00.000Z
68,hose,TCM,2021-12-26T00:00:00.000Z
15.9,hnx,TDT,2021-12-26T00:00:00.000Z
244.5,hnx,THD,2021-12-26T00:00:00.000Z
12.6,hnx,THT,2021-12-26T00:00:00.000Z
53.1,upcom,TID,2021-12-26T00:00:00.000Z
27,hnx,TIG,2021-12-26T00:00:00.000Z
13,upcom,TIS,2021-12-26T00:00:00.000Z
22.3,upcom,TL4,2021-12-26T00:00:00.000Z
33.8,hnx,TNG,2021-12-26T00:00:00.000Z
10.3,upcom,TNS,2021-12-26T00:00:00.000Z
39.25,hose,TPB,2021-12-26T00:00:00.000Z
8.4,hnx,TTH,2021-12-26T00:00:00.000Z
28.6,upcom,TTN,2021-12-26T00:00:00.000Z
22.2,hnx,TVC,2021-12-26T00:00:00.000Z
12.3,hnx,TVD,2021-12-26T00:00:00.000Z
16.1,upcom,TVN,2021-12-26T00:00:00.000Z
17.8,upcom,VAB,2021-12-26T00:00:00.000Z
17.4,upcom,VBB,2021-12-26T00:00:00.000Z
66.1,hnx,VC2,2021-12-26T00:00:00.000Z
61.4,hnx,VC3,2021-12-26T00:00:00.000Z
28.4,hnx,VC7,2021-12-26T00:00:00.000Z
14.7,hnx,VC9,2021-12-26T00:00:00.000Z
78.5,hose,VCB,2021-12-26T00:00:00.000Z
53.4,hose,VCG,2021-12-26T00:00:00.000Z
71.7,hose,VCI,2021-12-26T00:00:00.000Z
53.7,upcom,VCR,2021-12-26T00:00:00.000Z
115,hnx,VCS,2021-12-26T00:00:00.000Z
7.7,upcom,VE9,2021-12-26T00:00:00.000Z
44.3,upcom,VEA,2021-12-26T00:00:00.000Z
16.3,upcom,VFS,2021-12-26T00:00:00.000Z
53.5,hose,VGC,2021-12-26T00:00:00.000Z
31.4,upcom,VGI,2021-12-26T00:00:00.000Z
48.9,hnx,VGS,2021-12-26T00:00:00.000Z
28.2,upcom,VGT,2021-12-26T00:00:00.000Z
13.7,upcom,VGV,2021-12-26T00:00:00.000Z
62.5,hose,VHC,2021-12-26T00:00:00.000Z
11.8,hnx,VHE,2021-12-26T00:00:00.000Z
8.5,upcom,VHG,2021-12-26T00:00:00.000Z
82.9,hose,VHM,2021-12-26T00:00:00.000Z
43.65,hose,VIB,2021-12-26T00:00:00.000Z
96.5,hose,VIC,2021-12-26T00:00:00.000Z
16.7,hnx,VIG,2021-12-26T00:00:00.000Z
30.2,hose,VIX,2021-12-26T00:00:00.000Z
124,hose,VJC,2021-12-26T00:00:00.000Z
12.8,hnx,VKC,2021-12-26T00:00:00.000Z
10.1,upcom,VLG,2021-12-26T00:00:00.000Z
30.7,upcom,VNA,2021-12-26T00:00:00.000Z
23.6,upcom,VNB,2021-12-26T00:00:00.000Z
79.9,hose,VND,2021-12-26T00:00:00.000Z
6.8,upcom,VNH,2021-12-26T00:00:00.000Z
86,hose,VNM,2021-12-26T00:00:00.000Z
25.9,upcom,VNP,2021-12-26T00:00:00.000Z
34.7,upcom,VOC,2021-12-26T00:00:00.000Z
34.25,hose,VPB,2021-12-26T00:00:00.000Z
54.5,hose,VPI,2021-12-26T00:00:00.000Z
31.25,hose,VRE,2021-12-26T00:00:00.000Z
15.5,upcom,VTD,2021-12-26T00:00:00.000Z
71.5,upcom,VTP,2021-12-26T00:00:00.000Z
10,hnx,VTV,2021-12-26T00:00:00.000Z
14.9,hnx,WSS,2021-12-26T00:00:00.000Z
17,upcom,XMC,2021-12-26T00:00:00.000Z
33.15,hose,ACB,2021-12-27T00:00:00.000Z
37.3,hose,APH,2021-12-27T00:00:00.000Z
22.55,hose,ASM,2021-12-27T00:00:00.000Z
65,hose,BCM,2021-12-27T00:00:00.000Z
60.3,hose,BHN,2021-12-27T00:00:00.000Z
35.3,hose,BID,2021-12-27T00:00:00.000Z
59.4,hose,BMP,2021-12-27T00:00:00.000Z
56.1,hose,BVH,2021-12-27T00:00:00.000Z
44.2,hose,BWE,2021-12-27T00:00:00.000Z
41.7,hose,CII,2021-12-27T00:00:00.000Z
99.8,hose,CTD,2021-12-27T00:00:00.000Z
33.4,hose,CTG,2021-12-27T00:00:00.000Z
70.7,hose,DBC,2021-12-27T00:00:00.000Z
36.9,hose,DCM,2021-12-27T00:00:00.000Z
161.8,hose,DGC,2021-12-27T00:00:00.000Z
129.8,hose,DGW,2021-12-27T00:00:00.000Z
86,hose,DHC,2021-12-27T00:00:00.000Z
115.6,hose,DHG,2021-12-27T00:00:00.000Z
96.3,hose,DIG,2021-12-27T00:00:00.000Z
52.6,hose,DPM,2021-12-27T00:00:00.000Z
35.2,hose,DXG,2021-12-27T00:00:00.000Z
33.35,hose,EIB,2021-12-27T00:00:00.000Z
18.3,hose,FLC,2021-12-27T00:00:00.000Z
94.5,hose,FPT,2021-12-27T00:00:00.000Z
95.9,hose,GAS,2021-12-27T00:00:00.000Z
21.7,hose,GEG,2021-12-27T00:00:00.000Z
39,hose,GEX,2021-12-27T00:00:00.000Z
45.8,hose,GMD,2021-12-27T00:00:00.000Z
20.4,hose,GTN,2021-12-27T00:00:00.000Z
38.6,hose,GVR,2021-12-27T00:00:00.000Z
14.5,hose,HAG,2021-12-27T00:00:00.000Z
28.7,hose,HBC,2021-12-27T00:00:00.000Z
43.9,hose,HCM,2021-12-27T00:00:00.000Z
28.75,hose,HDB,2021-12-27T00:00:00.000Z
64.9,hose,HDG,2021-12-27T00:00:00.000Z
12,hose,HHS,2021-12-27T00:00:00.000Z
13.4,hose,HNG,2021-12-27T00:00:00.000Z
45.9,hose,HPG,2021-12-27T00:00:00.000Z
33.9,hose,HPX,2021-12-27T00:00:00.000Z
9.18,hose,HQC,2021-12-27T00:00:00.000Z
35.25,hose,HSG,2021-12-27T00:00:00.000Z
22.1,hose,HT1,2021-12-27T00:00:00.000Z
23.35,hose,HVN,2021-12-27T00:00:00.000Z
32.05,hose,IJC,2021-12-27T00:00:00.000Z
76.2,hose,IMP,2021-12-27T00:00:00.000Z
17.85,hose,ITA,2021-12-27T00:00:00.000Z
61,hose,KBC,2021-12-27T00:00:00.000Z
54.6,hose,KDC,2021-12-27T00:00:00.000Z
53,hose,KDH,2021-12-27T00:00:00.000Z
33.6,hose,KOS,2021-12-27T00:00:00.000Z
21.55,hose,LPB,2021-12-27T00:00:00.000Z
28.15,hose,MBB,2021-12-27T00:00:00.000Z
27.3,hose,MSB,2021-12-27T00:00:00.000Z
169,hose,MSN,2021-12-27T00:00:00.000Z
134.9,hose,MWG,2021-12-27T00:00:00.000Z
62.3,hose,NLG,2021-12-27T00:00:00.000Z
26.3,hose,NT2,2021-12-27T00:00:00.000Z
89,hose,NVL,2021-12-27T00:00:00.000Z
25.85,hose,OCB,2021-12-27T00:00:00.000Z
37.5,hose,PAN,2021-12-27T00:00:00.000Z
39.7,hose,PC1,2021-12-27T00:00:00.000Z
94.6,hose,PDR,2021-12-27T00:00:00.000Z
72,hose,PHR,2021-12-27T00:00:00.000Z
54.1,hose,PLX,2021-12-27T00:00:00.000Z
96,hose,PNJ,2021-12-27T00:00:00.000Z
14.5,hose,POM,2021-12-27T00:00:00.000Z
18.45,hose,POW,2021-12-27T00:00:00.000Z
24.55,hose,PPC,2021-12-27T00:00:00.000Z
17.6,hose,PTL,2021-12-27T00:00:00.000Z
29.65,hose,PVD,2021-12-27T00:00:00.000Z
24,hose,PVT,2021-12-27T00:00:00.000Z
71.9,hose,REE,2021-12-27T00:00:00.000Z
147.9,hose,SAB,2021-12-27T00:00:00.000Z
27,hose,SAM,2021-12-27T00:00:00.000Z
24.9,hose,SBT,2021-12-27T00:00:00.000Z
153,hose,SCS,2021-12-27T00:00:00.000Z
76.6,hose,SJS,2021-12-27T00:00:00.000Z
49.15,hose,SSI,2021-12-27T00:00:00.000Z
28.1,hose,STB,2021-12-27T00:00:00.000Z
64.8,hose,SZC,2021-12-27T00:00:00.000Z
48.85,hose,TCB,2021-12-27T00:00:00.000Z
29.55,hose,TCH,2021-12-27T00:00:00.000Z
68,hose,TCM,2021-12-27T00:00:00.000Z
33.65,hose,ACB,2021-12-28T00:00:00.000Z
38.4,hose,APH,2021-12-28T00:00:00.000Z
22.85,hose,ASM,2021-12-28T00:00:00.000Z
65.9,hose,BCM,2021-12-28T00:00:00.000Z
60.3,hose,BHN,2021-12-28T00:00:00.000Z
35.2,hose,BID,2021-12-28T00:00:00.000Z
59.9,hose,BMP,2021-12-28T00:00:00.000Z
55.7,hose,BVH,2021-12-28T00:00:00.000Z
45.4,hose,BWE,2021-12-28T00:00:00.000Z
44.6,hose,CII,2021-12-28T00:00:00.000Z
103.9,hose,CTD,2021-12-28T00:00:00.000Z
33.9,hose,CTG,2021-12-28T00:00:00.000Z
73,hose,DBC,2021-12-28T00:00:00.000Z
37.05,hose,DCM,2021-12-28T00:00:00.000Z
160.8,hose,DGC,2021-12-28T00:00:00.000Z
129,hose,DGW,2021-12-28T00:00:00.000Z
86,hose,DHC,2021-12-28T00:00:00.000Z
115.9,hose,DHG,2021-12-28T00:00:00.000Z
101.5,hose,DIG,2021-12-28T00:00:00.000Z
52.3,hose,DPM,2021-12-28T00:00:00.000Z
35.85,hose,DXG,2021-12-28T00:00:00.000Z
35.5,hose,EIB,2021-12-28T00:00:00.000Z
19,hose,FLC,2021-12-28T00:00:00.000Z
94.5,hose,FPT,2021-12-28T00:00:00.000Z
98.1,hose,GAS,2021-12-28T00:00:00.000Z
23.2,hose,GEG,2021-12-28T00:00:00.000Z
39.2,hose,GEX,2021-12-28T00:00:00.000Z
45.75,hose,GMD,2021-12-28T00:00:00.000Z
20,hose,GTN,2021-12-28T00:00:00.000Z
37.85,hose,GVR,2021-12-28T00:00:00.000Z
13.55,hose,HAG,2021-12-28T00:00:00.000Z
30.1,hose,HBC,2021-12-28T00:00:00.000Z
43.35,hose,HCM,2021-12-28T00:00:00.000Z
30.5,hose,HDB,2021-12-28T00:00:00.000Z
66.6,hose,HDG,2021-12-28T00:00:00.000Z
12,hose,HHS,2021-12-28T00:00:00.000Z
12.95,hose,HNG,2021-12-28T00:00:00.000Z
45.8,hose,HPG,2021-12-28T00:00:00.000Z
33.8,hose,HPX,2021-12-28T00:00:00.000Z
9.56,hose,HQC,2021-12-28T00:00:00.000Z
35.9,hose,HSG,2021-12-28T00:00:00.000Z
22.75,hose,HT1,2021-12-28T00:00:00.000Z
23.1,hose,HVN,2021-12-28T00:00:00.000Z
31.75,hose,IJC,2021-12-28T00:00:00.000Z
76,hose,IMP,2021-12-28T00:00:00.000Z
17.8,hose,ITA,2021-12-28T00:00:00.000Z
62.1,hose,KBC,2021-12-28T00:00:00.000Z
54.5,hose,KDC,2021-12-28T00:00:00.000Z
52.5,hose,KDH,2021-12-28T00:00:00.000Z
33.6,hose,KOS,2021-12-28T00:00:00.000Z
21.7,hose,LPB,2021-12-28T00:00:00.000Z
28.3,hose,MBB,2021-12-28T00:00:00.000Z
27.5,hose,MSB,2021-12-28T00:00:00.000Z
171.5,hose,MSN,2021-12-28T00:00:00.000Z
135.8,hose,MWG,2021-12-28T00:00:00.000Z
63,hose,NLG,2021-12-28T00:00:00.000Z
26.8,hose,NT2,2021-12-28T00:00:00.000Z
87,hose,NVL,2021-12-28T00:00:00.000Z
26.3,hose,OCB,2021-12-28T00:00:00.000Z
37.85,hose,PAN,2021-12-28T00:00:00.000Z
39.8,hose,PC1,2021-12-28T00:00:00.000Z
94.1,hose,PDR,2021-12-28T00:00:00.000Z
71.7,hose,PHR,2021-12-28T00:00:00.000Z
53.8,hose,PLX,2021-12-28T00:00:00.000Z
95.6,hose,PNJ,2021-12-28T00:00:00.000Z